1,Afghanistan,33.93911,67.709953,205885.2201,196907.2112,241671.6773,250927.9447,249268.971,346995.574,263802.5522,271133.9258,308590.9589,336457.1234,385207.1228,414417.4525,401337.6849,539750.1353,393513.9453,382384.6998,375011.6835,382106.0625,380649.5266,382555.5951,395682.5596
2,Albania,41.153332,20.168331,114522.1769,101489.7346,105405.7439,107560.9149,106754.2301,106526.163,103751.403,100580.0412,98158.7948,94662.0535,89774.0936,95902.6838,93724.7607,96956.7066,102787.7454,96326.2147,100643.2596,106235.1269,100797.1064,99036.6432,93724.1203
3,Algeria,28.033886,1.659626,1350194.778,1222134.921,1238531.755,1300335.331,1286159.83,1408847.941,1386702.08,1425632.557,1445877.631,1486766.844,1503644.32,1544633.877,1645183.839,1732714.026,1849589.045,1924334.878,1970634.856,1993152.841,2078893.414,2092216.504,2022469.771
4,American Samoa,-14.270972,-170.132217,-347.1057,-254.2949,-254.0309,-253.9454,-253.91,-253.9439,-254.0477,-254.2157,-254.4128,-254.597,-254.7317,-221.8709,-221.8955,-221.891,-221.8808,-221.7554,-261.3427,-261.2467,-261.1585,-261.0694,-260.9719
5,Andorra,42.546245,1.601554,3946.0902,3962.6339,4015.3914,4043.3476,4213.4892,4310.3812,4109.6337,4075.9576,4071.3332,3897.0317,3913.5213,3744.2721,3705.901,3625.6072,3518.5301,3522.698,3554.6954,3538.4541,3476.7061,3359.0286,3300.8244
6,Angola,-11.202692,17.873887,1260587.884,1508057.362,1563408.678,1661330.404,1711471.827,1766612.868,1619263.637,1652902.727,1654162.986,1689652.928,1776554.679,1751272.831,1758651.541,1752432.071,1811487.777,1811153.917,1798647.631,1858253.264,1668873.144,1803272.274,1719136.064
7,Anguilla,18.220554,-63.068615,652.4896,705.9583,697.4087,753.7352,887.3872,932.3014,1046.0816,1094.7644,1090.073,1069.2479,1099.8681,1055.7418,1045.6376,892.8242,1031.5017,1141.9812,1150.694,1062.977,1101.628,1149.7951,1022.3254
8,Antigua and Barbuda,17.060816,-61.796428,3800.8656,3433.6585,3650.8406,3844.314,3980.1483,4046.9758,4141.177,4301.9596,4362.5677,4564.3979,4265.5591,4253.3976,4354.1839,4413.0497,4412.4021,4425.3347,4622.3885,4663.8981,4805.5074,4930.6844,4487.181
9,Argentina,-38.416097,-63.616672,4819050.292,4949509.643,4962367.65,5233966.932,5424274.92,5463536.733,5570001.295,5618100.367,5686047.688,5432411.291,6052010.182,4935003.708,5673081.485,5072130.147,5072322.165,5095169.556,4614725.432,4720414.498,4670577.961,4627467.59,4604653.733
10,Armenia,40.069099,45.038189,57629.0068,54735.7637,54377.8085,58515.1049,62969.8987,68526.1067,81010.65,81089.1365,85429.863,76248.9176,79348.6299,76965.7014,86532.653,91333.6189,90851.1131,85868.4549,96722.0949,92121.9073,98716.7231,95808.9719,94826.0408
11,Aruba,12.52111,-69.968338,16444.0221,16638.5966,16718.4524,17540.2142,18020.1213,18636.3614,18436.756,19064.8961,17958.3223,17832.0097,16978.521,17191.9581,10055.1537,7195.6773,7218.7896,7348.2961,7244.7324,7553.546,7755.0598,8016.0526,7160.7606
12,Australia,-25.274398,133.775136,7687089.19,7916517.095,7787583.542,6498354.324,7177661.961,6628733.643,7369822.206,7273758.98,6749395.023,6937101.828,6538528.7,7213943.441,7095948.104,5685255.754,5958383.647,5808174.543,5478003.111,6135647.284,6116549.392,5765093.282,5181591.691
13,Austria,47.516231,14.550072,547441.4855,611003.7423,649703.2055,728714.9842,701417.768,703823.1076,722038.6243,707086.778,717841.2136,723048.4157,796256.4445,770686.3195,721938.7445,728823.5627,715420.964,725207.3154,739662.2151,745912.7891,713414.3429,735215.652,680620.4217
14,Azerbaijan,40.143105,47.576927,415114.069,413054.8487,416470.4699,393932.2903,410983.5645,440796.9233,431261.0415,440564.8552,479500.6788,438433.4989,429955.8605,432769.5559,449634.164,452020.9122,444567.3073,454521.921,462921.2023,451038.5859,466140.491,488642.7213,489374.5394
15,Bahamas,25.03428,-77.39628,17052.4939,20120.2974,20328.1946,19919.5442,21025.4762,18995.4265,17819.1274,17833.6207,21825.6375,16511.5322,20959.0142,18741.5092,18872.899,26705.4926,21751.5241,19635.7137,18613.9461,20548.9843,19865.4055,20631.9299,19043.9171
16,Bahrain,25.930414,50.637772,274559.6674,249156.8414,252911.3819,251245.7566,255926.0284,274208.3057,275101.0013,321063.154,354536.5279,350717.6939,351618.1649,350319.5769,359044.9276,402908.2529,407551.5481,415049.3936,409048.2068,411514.7966,370819.3914,387341.3327,380332.6327
17,Bangladesh,23.684994,90.356331,2011248.651,2279320.698,2097820.074,2117487.382,2127126.472,2395706.19,2288489.03,2306286.443,2406197.698,2438607.709,2494842.478,2558814.816,2686532.025,2554428.044,2608863.364,2667224.338,2655192.388,2740154.113,2801853.128,2866475.586,2873390.572
18,Barbados,13.193887,-59.543198,12092.5573,11966.6421,11685.3528,12021.6869,12391.741,12532.936,12561.7785,12705.9506,14355.7759,14224.741,13364.8034,13911.7134,13638.882,13453.1455,12241.0296,12211.9896,12414.4911,11800.614,12032.2481,12488.3946,11516.9598
19,Belarus,53.709807,27.953389,992573.6762,1031032.943,1031722.175,1053177.466,1074451.666,1083190.497,1107352.738,1085575.32,1119295.826,1086410.433,1097569.232,1292420.189,1300473.218,1307643.001,1309841.905,1284448.069,1226184.282,1263003.729,1281917.78,1319645.375,1352515.967
20,Belgium,50.503887,4.469936,1141053.913,1134733.558,1104900.878,1149852.806,1142929.186,1115099.496,1100677.407,1078882.247,1087056.6,1070616.953,1135498.691,1088668.975,1051709.801,1070379.927,1040616.991,1067879.302,1057980.569,1059195.551,1093596.712,1070532,972973.6349
21,Belize,17.189877,-88.49765,158682.8772,55771.3621,57063.6008,72431.2367,54312.0417,56721.1975,66871.8421,58087.374,56732.6085,69181.2373,57836.725,95715.8512,88167.6639,91820.3992,89283.0184,91499.5719,87653.7636,88611.058,86949.3844,89209.0524,89904.9236
22,Benin,9.30769,2.315834,318928.9303,251036.9791,263964.282,260323.0445,260117.1241,276048.198,274966.1517,281589.0584,276517.7537,282510.7697,289089.5657,291456.7665,291186.2627,298116.1377,299892.3383,304497.2635,316157.598,319901.2143,330359.1617,339157.4064,339063.8647
23,Bermuda,32.321384,-64.75737,322.4393,317.723,337.8383,331.4907,340.3114,374.1909,441.7433,395.2432,378.2188,384.3476,384.1839,346.282,335.5445,340.5478,359.1893,318.5784,450.1627,308.1701,406.3829,412.1707,411.2476
24,Bhutan,27.514162,90.433601,-43161.9039,-35937.4406,-35548.7092,-35833.6027,-36067.8015,-33906.3338,-34119.4197,-33170.6256,-34954.0298,-33048.9555,-31970.0076,11400.3515,12396.0196,12034.0302,12270.8442,-3269.5485,13605.391,14465.0351,14190.3907,15215.9618,15293.2592
25,Bolivia (Plurinational State of),-16.290154,-63.588653,1862129.128,1389421.113,1580889.369,1423263.611,1847335.074,1643828.01,1680304.825,1749798.972,1648452.817,1622802.552,2034626.964,1790095.014,1804591.768,1792909.044,1791283.88,1850887.618,2009209.352,1991956.381,2008326.836,2220663.736,2167425.383
26,Bosnia and Herzegovina,43.915886,17.679076,169513.0634,141054.1664,155633.5529,161326.0274,175051.401,181565.3336,194261.55,193565.0993,213929.3865,219782.6083,224378.4664,213411.9276,202989.2487,197078.6256,188063.5592,187704.4952,223368.8163,225153.1203,223739.5474,222941.8061,220582.3287
27,Botswana,-22.328474,24.684866,687097.5245,796625.6604,799688.7925,685640.3437,695411.9189,715296.4908,749385.8519,718650.3994,860894.9388,713643.0852,900855.7279,966855.104,776639.4931,762728.4709,724112.6155,710243.5133,699053.4461,753087.4217,718463.6539,689191.7255,736865.8446
28,Brazil,-14.235004,-51.92528,32296738.16,35219096.48,37042905.54,39294353.74,40356997.18,38252562.92,36031529.16,35957286.45,36179000.69,34193624.7,33919315.28,23314981.05,21709442.61,23821258.98,23937117.82,22632556.42,21865702.34,21564421.78,21122841.8,21439727.87,21573479.59
29,British Virgin Islands,18.420695,-64.639968,912.7739,935.6318,982.2232,1062.6667,1156.6069,1328.2707,1356.3058,1389.9287,1410.7937,1429.0902,1486.5707,1528.5121,1527.8857,1546.1262,1616.4088,1614.1919,1618.4335,1295.9781,1323.3767,1399.7498,1243.6772
30,Brunei Darussalam,4.535277,114.727669,84815.5964,88966.1656,83095.4604,88955.5188,88371.5446,88716.3363,94587.0536,117934.6833,132834.0279,116412.8378,110184.7951,115829.3744,114538.1318,101779.4468,109487.4648,96323.0015,99289.7185,110247.4216,112306.586,119930.593,118091.3221
31,Bulgaria,42.733883,25.48583,260143.3244,276657.8855,267944.3423,292316.0862,283523.136,292710.6208,296989.3785,325306.2697,311358.307,257092.7684,269433.2881,398566.0047,357354.8947,338837.9114,360050.8248,384107.7994,216088.7084,240343.7471,226323.3335,220910.4997,172845.013
32,Burkina Faso,12.238333,-1.561593,438435.4448,444931.5525,455251.1268,513135.6251,523506.8743,536074.8916,534289.5019,583861.0846,555890.0727,567518.3698,585851.2826,502274.6979,509058.679,523106.3665,530529.4079,542033.1845,710113.9638,720550.606,725054.735,734049.1962,747717.349
33,Burundi,-3.373056,29.918886,113230.5927,86049.6836,85949.7404,86129.3614,87517.0359,81955.6215,90998.3088,92527.7392,94791.8808,97254.609,100729.158,65695.9755,64138.6898,72450.6544,71741.9022,70784.234,116925.2644,126402.5102,127918.8748,120424.2372,117462.0123
34,Cote d'Ivoire,7.449958,-5.572321,1695805.458,586703.0139,596408.4654,581345.6086,577865.7469,605420.4764,598023.6792,603224.5706,596418.8872,588889.0112,595150.2342,606536.6804,626967.4111,646036.938,636581.9626,640257.4231,682649.4287,667704.5627,669188.2856,673761.0708,682571.9225
35,Cabo Verde,16.002082,-24.013197,1547.9021,4841.8686,5157.6503,4966.7863,5298.1736,6127.7256,6324.906,6481.5885,6180.8512,6708.5834,7040.6371,7477.9439,6747.9143,6816.141,6816.6126,6905.3246,7305.4847,7211.1891,8269.3151,8416.2071,8607.8596
36,Cambodia,12.565679,104.990963,425096.3318,473458.5779,510176.0383,549774.4833,556123.1661,548280.1432,593382.6413,602179.6265,598628.3287,626997.197,628088.8397,1597355.143,1566953.099,1565366.738,1560696.237,1595832.533,1022183.804,1002015.416,993016.5159,1009630.119,1009346.841
37,Cameroon,7.369722,12.354722,1077915.505,956464.4357,952467.7619,1006756.755,954438.314,1000709.97,953852.1232,960527.0646,961649.7746,955864.2507,965169.7907,847117.384,846009.7937,856081.5896,865743.4253,892246.7923,910747.4013,890350.0473,892942.7818,905567.832,918901.1624
38,Canada,56.130366,-106.346771,6884513.977,8667788.566,8720293.417,8975740.737,9102678.861,9248148.889,9276541.288,9341473.91,9184660.394,8871130.413,8928512.819,7531490.789,7580399.173,7738461.927,7868728.227,7967789.053,7155215.985,7293546.56,7432979.997,7368642.558,6909017.064
39,Cayman Islands,19.513469,-80.566956,108.393,88.6671,87.824,89.4119,89.478,91.6723,191.3677,252.3745,287.7963,303.6043,315.6851,269.2804,269.9726,275.7285,278.6768,280.5374,265.5886,268.7016,272.697,274.4485,275.1182
40,Central African Republic,6.611111,20.939444,649060.6603,851682.9708,775152.0562,-2382962.089,-2597466.651,-2470977.924,-2549787.469,-2502340.591,-2511786.054,-2737749.337,-2594372.851,959409.6572,874167.8156,842791.4144,785087.1506,823991.4793,961315.6021,866348.7122,863373.1432,833327.3804,830509.1265
41,Chad,15.454166,18.732207,726222.8612,742020.6173,784927.4395,837391.3545,903737.6746,934317.176,965587.9254,1013292.231,1025858.02,1034171.376,1099759.037,1272505.654,1323951.181,1350731.537,1396376.856,1476726.997,1530218.749,1562699.76,1634985.268,1681696.017,1769508.575
42,Chile,-35.675147,-71.542969,560024.2359,450591.0808,470597.1783,475553.9298,521306.8672,529046.9149,564603.7113,588692.5404,611064.0316,568253.6625,494973.078,290342.0053,308804.9899,172899.677,244735.3362,270074.657,374451.3931,497621.8118,279655.886,516988.7556,461248.3091
43,China,35.86166,104.195397,41391835.69,42117000.65,44600073.84,49699099.43,55367060.93,60686526.74,65334641.81,68791517.93,72149326.98,74820046.06,80342920.39,83525460.99,86824646.04,87685195.67,88946007.43,88386387.62,88152111.77,89644823.49,91230986.24,93225916.92,94472805.74
44,Colombia,4.570868,-74.297333,3323527.097,2994498.012,2995622.606,3041093.174,3277818.208,3068477.009,3082688.317,3138403.397,3170398.155,3219974.749,3290165.458,2855463.673,2824976.806,2894352.141,2919400.666,2739312.314,3215279.358,3219019.541,3320162.452,3398124.495,3379183.623
45,Comoros,-11.875001,43.872219,1184.5634,7053.552,7169.4166,7214.8456,7302.1204,7997.8041,7903.9544,7164.372,7676.2088,7946.9382,8403.4168,8576.0936,8811.3775,9185.5506,9191.5206,9449.0362,9643.3064,10048.9351,10203.448,10035.2085,10116.223
46,Congo,-0.228021,15.827659,103417.2669,259761.4632,226473.3847,255968.8085,263857.0754,291979.4472,306027.5397,281054.4895,279154.4946,289026.4696,309619.1327,309134.4009,305347.5044,304975.0784,296907.5916,304314.3717,321598.0875,323500.5622,332306.7667,325732.631,317270.8705
47,Cook Islands,-21.236736,-159.777671,490.9978,499.3994,414.2309,458.1741,594.9169,655.4532,620.0506,616.6997,624.0125,605.9349,669.8241,742.1222,762.6375,753.2162,776.6636,742.1175,727.8585,752.0115,755.7022,787.4023,753.3371
48,Costa Rica,9.748917,-83.753428,174683.8507,120287.8729,121626.8277,125023.895,121656.7271,136874.6736,126770.2943,138742.6623,141931.5176,137182.6084,139425.3274,87176.0281,85433.1121,89583.3832,88408.708,88796.9524,97528.3693,101378.3581,107122.5371,114032.3259,98246.1444
49,Croatia,45.1,15.2,200158.3022,207083.2965,218112.8307,228880.6915,239498.8658,238036.701,249471.878,263987.8344,258903.0127,222146.8298,220188.4778,218143.1001,199843.1587,195205.3392,192189.4247,198949.164,178458.1389,188183.4285,177434.6504,179294.8707,179728.0141
50,Cuba,21.521757,-77.781167,373086.3637,362331.9842,390715.7754,381210.5163,373297.2587,363757.4703,374991.4114,367757.0994,384112.5366,401129.1959,431568.0142,389171.6416,388842.0401,381613.3994,370369.093,373009.1719,450750.5564,426048.6165,429968.7373,434714.9765,403198.0024
51,Cyprus,35.126413,33.429859,62944.3153,61447.3184,62971.5526,67321.5707,64774.0468,65025.9011,67321.7356,70439.8573,71971.9813,69486.1519,69387.4065,67157.3475,63928.9484,58585.7327,60878.8015,61170.5194,66113.315,66783.327,66625.3299,67034.9635,62799.3711
52,Czechia,49.817492,15.472962,1010151.014,1041168.322,993467.0958,1010370.96,985249.6935,994958.0233,1016398.248,1030116.88,976202.7093,947817.8814,955140.0404,955430.8539,934662.5539,921375.0122,897447.3334,927031.2849,927813.1007,932512.5458,947463.8864,954625.8772,856779.3101
53,Democratic People's Republic of Korea,40.339852,127.510093,806303.9927,772991.4647,735955.4277,765363.4315,786472.7315,818903.2613,832186.1657,734409.3219,784318.7388,657838.6367,637780.89,571399.3057,575591.8805,512092.4763,541613.3813,500154.6271,537855.1862,476322.1104,485610.0661,491387.1795,486646.5233
54,Democratic Republic of the Congo,-4.038333,21.758664,9813383.928,10969897.81,11303000.14,11404317.36,11227077.19,11204902.35,11895429.25,11125865.61,12240657.5,11238578.2,6878243.886,9595615.618,9585102.58,9635728.427,9620240.762,9679483.132,9684525.901,9698581.014,9602257.233,9668782.474,9687869.559
55,Denmark,56.26392,9.501785,731798.1284,736963.606,726491.2081,747720.5251,699730.307,675212.0562,722297.2653,747700.9599,673400.398,643525.7225,653116.4095,600369.3603,570927.2334,578993.7433,554499.1345,536966.2367,586172.7278,570533.0357,572243.4606,551612.4061,514480.0665
56,Djibouti,11.825138,42.590275,7873.4631,18627.8994,18879.2543,19010.1627,18865.106,19028.9139,18995.3601,19443.7935,19828.7088,19495.4224,19887.6191,19681.8075,20038.921,20604.0034,19679.6032,20122.2693,20127.532,20306.5165,20472.5197,20387.9369,20214.5627
57,Dominica,15.414999,-61.370976,2647.0206,1816.9942,1656.3755,1786.7785,1926.0094,1944.5774,2010.4037,2297.5097,2147.9126,2109.2271,2146.5601,2113.4506,2149.6279,2201.3565,2226.3924,2254.092,2204.7656,-3438.0663,2122.5497,2194.3875,2041.2449
58,Dominican Republic,18.735693,-70.162651,217987.5595,279890.0111,299852.4797,296452.2794,286347.2633,289174.9772,298842.0335,318726.3131,322725.0276,321829.541,358385.9101,352102.9652,353397.3282,359718.4244,359435.2619,373670.2699,388760.7112,392578.7604,399068.313,404216.6835,386767.2718
59,Ecuador,-1.831239,-78.183406,1086208.75,1003400.887,1008595.053,1023152.292,1053655.187,1060876.119,1057517.212,1075006.93,1059516.951,1091637.554,1234512.244,994376.2035,1088317.125,1004775.23,1014350.714,903777.0462,1011179.209,1042213.268,1023159.14,1024398.758,981041.3442
60,Egypt,26.820553,30.802498,2071470.63,1870297.174,1942064.273,2062836.158,2106439.31,2433164.011,2377656.082,2452772.755,2501364.826,2529991.07,2524879.354,2658976.349,2637925.234,2639862.331,2743104.959,2690602.941,2800355.753,2927687.475,2878222.663,2812239.018,2651881.656
61,El Salvador,13.794185,-88.89653,128792.4623,136293.3275,139729.7528,140921.7493,142229.7041,167139.636,150851.4771,153575.9172,150630.9105,147039.0925,144528.0616,139637.7144,142131.8015,131540.4729,134640.545,139326.9186,134385.6219,128099.1511,132212.6524,131535.2491,125078.1534
62,Equatorial Guinea,1.650801,10.267895,161309.0084,153805.0133,141631.7751,151583.5716,172679.1488,180692.7354,178204.3461,177202.7631,187829.035,176244.849,180402.111,184321.6154,181020.7556,179508.7712,171499.2552,164087.1988,161660.6445,153441.239,163881.5528,166677.0244,162919.151
63,Eritrea,15.179384,39.782334,128119.6113,89812.2983,88909.6715,91786.8306,92727.4087,94283.9865,90460.026,95891.384,94983.2418,95966.9058,94260.0255,98860.9182,99191.4257,100249.3084,100838.9982,101446.755,101843.7564,102906.9846,103953.804,104145.5247,104453.333
64,Estonia,58.595272,25.013607,193033.3759,199397.2773,194303.7598,203250.6691,214714.5064,222158.9726,213824.7328,228758.8264,223482.7679,204771.5331,225596.0825,189614.197,193240.4962,211429.7098,213340.5311,200348.8323,265679.7082,272337.5204,272749.7666,252480.477,246342.0889
65,Eswatini,-26.593757,31.509011,36225.1433,33938.8386,34285.5983,34031.1934,33964.9597,34396.4282,33088.8173,35747.1692,34858.6783,33337.1418,33412.0492,33033.1259,34407.6363,36719.7675,32991.4401,33175.2119,35004.8919,33703.4026,34255.7793,34393.0039,32390.7985
66,Ethiopia,9.145,40.489673,1976692.042,2159332.667,2333435.088,2297883.034,2233500.824,2287217.263,2400562.73,2578026.417,2700706.98,2769906.384,2883660.506,2909732.891,2871322.201,2922956.479,2636681.934,2685352.154,2764088.871,2820144.656,2852061.371,3030561.261,3145915.279
67,Falkland Islands (Malvinas),-51.796253,-59.523613,102831.0086,102739.8076,102693.4211,102673.1704,102684.3955,102608.5219,102613.6018,102592.9801,102593.0813,102589.5457,102592.7293,102592.5718,102606.816,102611.111,102611.7934,102612.4632,102613.7124,102613.8121,102612.329,102615.6164,102606.4584
68,Faroe Islands,61.892635,-6.911806,7647.8209,8121.9353,7864.9233,7790.1187,7956.7715,7824.0851,7513.0331,7456.9041,6902.4289,6623.7523,6882.1834,6614.2524,6814.3715,7126.1979,6894.3864,7057.2832,7003.6739,7482.6696,7548.7742,7677.611,7689.2199
69,Fiji,-16.578193,179.414413,6207.4639,7962.0794,6299.8762,6755.5649,-2795.8166,7266.7404,7955.739,7723.2317,6202.4527,5801.6565,8053.4641,7783.2791,7109.1697,9136.4261,1481.6728,5478.2088,4290.9968,7266.0309,8617.645,11815.0736,10549.9005
70,Finland,61.92411,25.748151,480145.3383,752636.5951,778006.1029,830712.8572,839579.4308,736466.7102,809218.0963,812570.0275,746283.205,664142.4155,792212.3848,339118.396,290812.5634,319981.4034,313734.677,292128.8112,738848.0033,729060.7426,775291.5771,729061.1674,700388.7413
71,France,46.227638,2.213749,4905907.61,4650115.325,4562148.158,4557556.778,4575490.358,4555580.299,4466611.755,4484509.807,4446476.566,4345896.557,4385655.821,4257997.225,4251746.896,4247514.78,4086916.883,4146190.099,4045571.592,4112900.034,3996363.142,3904213.772,3560863.2
72,French Guyana,3.933889,-53.125782,52014.238,49083.5908,49021.0054,48752.1905,49479.8784,49666.7856,49413.3179,48987.0936,48780.5301,48969.2135,48792.1664,37636.6239,38043.1487,37646.0151,38353.9505,37520.0058,39260.3955,39137.6046,39016.061,38992.8365,38148.2868
73,French Polynesia,-17.679742,-149.406843,157.1342,762.4761,652.8217,705.9848,850.2319,810.863,845.3009,1025.42,1076.8857,1071.6503,1247.9155,1512.7363,1565.7737,1610.1972,1632.263,1696.8428,1727.6492,1795.4193,1842.2445,1906.7049,1899.8443
74,Gabon,-0.803689,11.609444,85059.2095,209732.8314,205877.2121,224638.5334,214260.4988,202056.3597,182080.5933,164328.6864,174781.7172,169255.6953,173828.6036,219623.7234,217928.8273,218360.0366,219640.1688,224952.0663,225201.1886,212941.9766,208410.6784,205160.1426,199508.0339
75,Gambia,13.443182,-15.310139,36286.242,25882.8864,25496.3814,26949.3723,28546.3068,29301.6633,30409.2059,30315.0839,32553.8193,38012.6341,39933.187,33938.2845,35220.5783,36477.6183,37948.8131,40481.355,38132.5677,38621.7933,36789.6976,39619.3832,40366.15
76,Georgia,42.315407,43.356892,-40044.1069,81595.2037,82503.1683,86649.84,90596.7531,99002.1654,92014.5238,92141.997,82049.7863,85134.3737,87928.9311,127514.8655,135792.4003,134999.3075,137279.0438,135776.4495,138938.9668,130312.1318,129088.2699,129926.2878,131082.8905
77,Germany,51.165691,10.451526,7890796.575,8220051.236,8046356.856,7979299.396,7914533.099,7791554.461,7870770.81,7673085.755,7592513.941,7138759.867,7444184.073,7137674.781,7155942.713,7286930.197,7055333.207,7098088.897,7074970.385,7023457.458,6799180.823,6473541.248,5958176.392
78,Ghana,7.946527,-1.023194,502802.5614,785088.1068,794850.8559,800481.5462,792553.6091,815507.7155,827605.854,792838.2673,789062.0572,780426.622,801641.0328,584122.7293,598470.899,617113.0219,620820.9468,639908.4662,247305.1558,189127.0019,216003.5029,243333.3526,254572.8483
79,Gibraltar,36.137741,-5.345374,144.7433,143.8413,139.4946,133.965,141.6273,137.6046,140.8026,132.9207,130.7201,139.2497,137.1051,126.4636,126.7963,137.3405,148.2533,161.1424,174.5352,189.2264,201.248,211.8447,211.8405
80,Greece,39.074208,21.824312,984820.381,975949.4355,978453.793,1016815.321,1007542.728,1012650.15,992740.2955,1007126.867,992594.0512,949020.2941,900810.9096,886949.0053,873620.7322,808846.7875,795317.3522,767402.8001,749262.4503,673584.8571,746831.9877,727784.4946,655830.072
81,Greenland,71.706936,-42.604303,526.1816,526.8464,527.1336,487.4556,879.1351,1013.7489,783.4159,1255.6878,1223.635,1105.0286,1065.6983,1097.9404,1231.2361,1287.7011,1171.0019,1094.3217,1206.8815,1301.8105,1277.6619,1302.608,1299.2336
82,Grenada,12.262776,-61.604171,2142.8639,2178.6605,2246.0531,2345.782,2264.3247,2345.5374,2461.3537,2530.0804,2550.9907,2572.187,2617.6571,2603.7601,2713.0164,2954.6501,2508.6648,2682.3555,2742.6749,2846.453,3050.6829,3179.227,2924.9137
83,Guadeloupe,16.995971,-62.067641,4557.4701,4692.3262,5307.8017,5383.4507,5077.3507,4972.6821,5058.5758,4873.1283,4595.2975,4494.6707,4506.4541,2415.5733,2190.2498,2222.8127,2386.532,2476.8165,3861.1874,3882.0643,3925.9313,3971.925,1301.5035
84,Guam,13.444304,144.793731,33.9288,34.1634,37.9968,37.9413,37.8534,37.7487,37.6305,37.506,37.3746,37.2444,37.1169,37.0008,36.912,36.8316,36.7089,36.7188,-1230.4167,-1230.2976,-1230.1449,-1229.9349,-1229.7339
85,Guatemala,15.783471,-90.230759,474507.0173,452697.7518,463016.0021,492814.3527,471161.8417,506882.8849,494186.2524,510610.3934,499591.2618,522458.2294,525997.689,441177.3203,448717.4068,462573.7465,470608.617,493463.3747,446105.229,456363.8565,442948.7985,459395.1678,456656.8248
86,Guinea,9.945587,-9.696645,-391725.8738,351999.3125,370633.4638,372357.9695,372414.5003,396512.8166,401110.9574,405846.4509,415084.7129,422120.6049,458437.5194,477668.9171,498527.6923,501060.5935,507311.7458,513748.3406,569844.4765,569650.1737,570560.0578,594109.5791,610414.3646
87,Guinea-Bissau,11.803749,-15.180413,53551.3563,57042.9028,59703.3091,60807.1163,61377.6527,60617.6171,79701.7903,65754.0105,61277.8814,62250.6077,54540.3148,62876.998,70776.0548,66058.4746,67603.7588,71910.9709,66461.1298,65038.2936,66836.349,67383.4161,67849.1804
88,Guyana,4.860416,-58.93018,35103.2002,47311.2871,45524.1335,52665.3155,57193.2775,156740.8803,154610.8304,157696.3717,159335.5451,160785.484,162585.3388,270402.1883,271217.5225,273783.7966,276699.9137,279001.0993,238869.011,240359.8163,242617.146,244625.5173,243845.4206
89,Haiti,18.971187,-72.285215,142958.2447,121978.6991,123902.7763,123793.4713,125516.8958,140582.2888,141734.2764,145549.7129,146476.4945,147590.7762,147950.0687,158916.3794,160681.4577,163611.9606,167096.901,170592.5536,172624.1393,173024.6896,172243.1971,178051.6644,177138.1444
90,Honduras,15.199999,-86.241905,261285.9478,228746.218,233372.0319,275808.1883,255529.8144,263228.7273,265160.3945,279267.7489,280272.9631,284592.3661,284249.3679,307423.0748,301106.59,310327.7526,314882.0944,302012.7372,314523.3244,314383.5495,323603.0237,325624.5059,332168.5438
91,Hungary,47.162494,19.503304,708528.474,721823.4615,734092.8521,740214.4982,740336.0882,717187.9367,720064.7033,707159.5552,695022.2217,643868.7605,652063.4074,639780.2007,611951.1429,610375.8596,605549.7162,622804.7158,655719.1848,672857.9006,680057.6608,673831.6098,673968.7825
92,Iceland,64.963051,-19.020835,66698.1832,66200.0127,68009.1024,67772.8838,67791.9215,67748.0319,68093.0997,69771.0792,72786.0458,71245.409,70229.5153,68889.7905,69053.3295,69991.0487,70039.213,71175.5928,70225.506,70407.619,71268.6451,68990.656,52971.9224
93,India,20.593684,78.96288,20720012.28,21639806.76,21532747.66,22215221.49,22951705.92,23650827.19,24508841.63,25415280.85,26467603.22,27704584.94,29404495.27,28249635.6,29399407.09,30140470.67,31582066.46,33713257.05,33512815.77,33719004.45,34720398.17,35051383.53,33997826.56
94,Indonesia,-0.789275,113.921327,18620111.71,9992062.622,17622773.15,12208257.13,17935930.54,14155870.79,20556207.11,11863475.98,12134989.94,17999517.97,12154149.96,20217953.53,21120614.89,20098241.17,25317782.92,28165140.95,17498380.17,16743590.13,20313158.49,24254769.96,16125548.86
95,Iran (Islamic Republic of),32.427908,53.688046,4330814.41,4075469.474,4151917.049,4452013.261,4741108.826,4977669.09,5400024.876,5438819.793,5576318.734,5702613.489,5863451.303,6276989.621,6321321.497,6267401.865,6450479.08,6493716.781,6778713.073,7117147.289,7384444.604,7435455.558,7646099.926
96,Iraq,33.223191,43.679291,1153787.732,1268763.119,1248815.185,1227136.253,1376174.9,1380875.442,1270092.777,1011608.098,1252225.118,1412745.625,1522234.127,1747645.822,1939661.904,2022093.749,2032921.258,2063965.172,2425887.533,2533549.447,2820564.739,2742743.937,2646755.287
97,Ireland,53.41291,-8.24389,1032766.222,1052285.628,1041861.059,1035615.542,1032300.431,1025493.742,1022828.606,1012239.147,993734.1518,972294.8497,958121.966,923089.2033,943282.3089,947055.3162,944521.321,966601.405,990713.7621,997023.2095,962503.7837,943787.187,903879.9931
98,Isle of Man,54.236107,-4.548056,426.3567,426.6684,442.2983,444.4319,443.7405,448.8181,449.2882,451.8091,458.159,458.9777,459.6194,456.6983,465.3603,466.1994,463.2432,461.5592,461.4935,461.2033,452.5549,457.7416,446.9071
99,Israel,31.046051,34.851612,512959.9221,526381.3457,509043.81,542064.2294,531960.573,521983.877,561033.5442,573903.7277,602127.074,576261.0247,607354.2897,619536.038,661410.1808,616987.2671,603332.2323,641265.9789,638993.5844,643254.0345,654715.4204,665323.5693,633820.8843
100,Italy,41.87194,12.56738,4225728.475,4139150.122,4183276.665,4326835.999,4330064.786,4323358.405,4250640.406,4311114.703,4124955.135,3767420.253,3771753.629,3710506.334,3570198.837,3360781.107,3190692.291,3262347.882,3365830.005,3434418.639,3406594.064,3352102.109,3132982.337
101,Jamaica,18.109581,-77.297508,114819.2161,93613.9224,89921.0106,94262.416,95425.9771,103372.3191,129170.4063,115560.8266,125744.2989,87612.6466,85073.9441,95419.7396,108962.178,99921.17,91283.7586,93700.8509,96006.4374,91516.3769,102021.6016,104411.0202,98342.7452
102,Japan,36.204824,138.252924,9194322.03,8870454.331,9029504.57,9131176.009,9277738.485,9230098.771,9247070.652,9386307.84,9145316.182,8440119.605,8903617.492,9430915.365,9751353.547,9801854.854,9646667.513,9395516.9,9490716.399,9523199.852,9337903.249,9196531.216,8737931.799
103,Jordan,30.585164,36.238414,148361.4725,149317.9372,157307.7849,162680.1037,175563.7033,190351.4271,197120.5237,202594.7564,203929.8635,207110.6044,203001.2944,211852.721,231074.3216,236110.8448,252473.9689,252075.0902,245232.2853,257705.3758,224147.9606,227485.8018,219298.9106
104,Kazakhstan,48.019573,66.923684,1571306.535,1641775.372,1776710.49,1699416.996,1930500.275,1959547.999,2118744.199,2229742.667,2386848.498,2242340.291,2518788.939,2477260.148,2385860.445,2436357.104,2387730.968,2391092.104,2498301.894,2746114.092,2876976.22,2873315.438,2764491.225
105,Kenya,-0.023559,37.906193,701189.3108,801989.9212,813578.2703,839069.499,876138.0783,1021578.951,867937.7366,1158327.36,1171288.616,1158070.935,1336423.15,1099888.677,1093344.569,1089694.9,1108765.696,1134576.734,1036088.158,977929.8548,1012684.022,1140050.905,1159648.953
106,Kiribati,-3.370417,-168.734039,496.5089,478.4145,573.4168,605.9521,638.3204,717.6115,1441.3441,1423.3984,1150.5366,722.7779,756.6489,748.4862,733.4743,750.0613,788.8931,831.9272,858.4643,884.1728,915.7646,972.9209,974.2373
107,Kuwait,29.31166,47.481766,547157.273,564710.8032,579822.1193,632277.2099,653708.1671,725661.1302,741827.49,742981.2617,782907.0082,797391.9334,813600.9883,817357.837,917695.0973,897699.2665,865019.5669,903254.4117,950129.1959,957529.5018,965938.8983,990799.136,941831.6798
108,Kyrgyzstan,41.20438,74.766098,116211.8035,120603.5269,126648.9014,132787.2371,135542.838,135434.4565,135992.6039,146667.456,156529.1317,159125.5309,158448.3662,144002.6872,161368.4939,167563.6197,178083.2672,177541.6229,158202.9419,156331.3022,177588.0707,175240.9219,175392.0674
109,Lao People's Democratic Republic,19.85627,102.495496,414228.1826,314873.4858,330953.8348,337514.6481,399581.0051,359954.6274,346015.3369,410173.7786,352762.4792,369032.6434,420350.6192,344517.882,368090.6422,384409.4112,382720.1225,418050.6467,475655.9844,473171.6115,475601.6815,503372.876,542463.4134
110,Latvia,56.879635,24.603189,20024.5799,12688.0397,19241.1948,28629.6391,46397.188,53166.5439,56333.2031,64126.3305,60886.9192,67342.7347,83600.1705,171479.5864,168254.0996,172823.0436,188744.4638,230463.3561,177423.6931,170603.2007,173886.7247,175156.1031,178573.2564
111,Lebanon,33.854721,35.862285,143732.801,148535.9487,146585.3995,163024.1851,153184.0747,148273.0664,134854.4624,130058.5574,155221.655,183657.8758,173870.6211,174903.8911,197236.4247,193875.6061,209533.9359,223238.8649,228777.4958,238074.1657,182404.4618,183138.9186,174978.0678
112,Lesotho,-29.609988,28.233608,48240.866,46099.2421,43087.0159,44210.3643,43290.666,46334.0952,45479.9697,46715.5862,45654.7209,46721.4446,46824.6092,47933.41,48536.7537,46712.0297,46221.8098,45307.8381,44899.0395,48699.3932,45853.9219,43499.8319,44574.2394
113,Liberia,6.428055,-9.429499,28087.3287,208905.2964,209331.8719,211281.6142,211261.7559,212026.66,216987.8181,214445.3373,215631.432,231709.5015,219295.269,221394.453,222094.0091,222159.8581,191350.6165,244708.34,228025.3921,221885.2158,227860.5883,233876.7591,229914.6164
114,Libya,26.3351,17.228331,665850.3737,659555.5893,633400.5703,660704.8184,659933.5481,712642.0913,712874.8743,667067.3783,695522.7139,694909.5129,739544.3521,444951.2301,631663.5599,627289.8996,562520.0498,494823.8846,456187.3578,520802.3207,555010.5706,513423.7248,434069.5297
115,Liechtenstein,47.166,9.555373,1748.8045,1715.9925,1730.6076,1750.3473,1761.3894,1778.3349,1850.9171,1665.2654,1812.1109,1782.9045,1582.6701,1336.7204,1354.9571,1629.5635,1358.244,1240.9341,1104.4506,1216.8002,1219.425,1186.2845,1091.1837
116,Lithuania,55.169438,23.881275,315846.3436,324094.0753,336041.1273,343598.8985,350516.8944,364467.322,361347.2589,378481.9096,373446.9478,343877.1701,343034.8619,317026.938,323237.0373,324297.8218,336754.1199,347671.3433,384597.9142,395933.039,382975.2554,388990.375,392374.1019
117,Luxembourg,49.815273,6.129583,67084.3389,70504.3307,75158.0743,77852.9893,87065.7267,88802.7416,87088.8513,85223.2811,84515.0322,81308.4518,86274.5477,86976.6127,84816.5205,81209.3485,79027.3607,76274.9888,74636.4754,77142.6534,79721.2326,80282.6247,69776.1379
118,Madagascar,-18.766947,46.869107,495517.7882,765888.1903,733730.1827,769685.3714,749989.2996,248758.8017,147144.6774,141593.3286,137441.8093,169108.6098,462108.2365,639507.7928,646776.3991,627800.5815,624017.7754,632565.4129,629246.8301,609792.3533,632496.222,647510.4874,661035.3202
119,Malawi,-13.254308,34.301525,183582.51,183837.5371,190285.156,197819.5163,194295.514,200931.6699,200062.195,208253.2861,218314.2505,215783.4955,233875.2984,233879.5328,240762.9441,241853.4766,251949.366,257673.8191,264033.9761,266436.041,287535.7014,304170.5318,308247.6943
120,Malaysia,4.210484,101.975766,1757714.162,1957143.96,2076316.206,2236515.393,2529821.267,2233157.64,2408759.99,2659211.144,2693908.628,2893462.657,2846591.713,357567.9538,1369886.488,1546675.372,1329354.802,1601904.227,2933628.883,3251481.689,3383399.179,3449019.493,3270611.741
121,Maldives,3.202778,73.22068,4199.7033,4263.6126,5302.4571,4706.9118,5999.1888,5515.3505,6758.3726,6926.8772,7431.9666,7814.376,8181.3264,8804.216,9832.9519,9636.3614,11419.47,11115.4375,12184.1994,12611.3126,13066.5563,13548.5352,13987.518
122,Mali,17.570692,-3.996166,302081.9363,377976.2877,386801.0085,400306.4546,437048.2359,450964.898,453081.138,468455.138,494435.6176,494229.6655,217747.7268,507431.6908,522649.7266,539760.9132,555388.2357,575584.7912,628015.7438,637688.7877,658658.8592,681073.5382,716005.3223
123,Malta,35.937496,14.375416,18801.347,21320.052,20236.8225,22209.6144,22376.9838,23439.5562,23054.8118,24133.6766,23340.9814,22673.9589,23818.2086,23705.1662,24541.3087,22726.1596,22905.7695,18688.0565,16990.9379,18407.1268,22671.9643,22608.3238,22673.1259
124,Marshall Islands,7.131474,171.184478,816.4899,846.3302,899.0508,880.1296,955.3825,943.2098,997.9358,1042.6107,1071.8272,1132.5413,1186.7203,1214.6623,1187.1618,1219.0571,1260.1945,1264.9673,1262.5119,1288.4662,1341.6665,1454.1282,1444.0391
125,Martinique,14.641528,-61.024174,1044.8424,807.4652,563.2759,502.4798,572.1855,448.8068,562.8544,411.8967,454.4797,427.3055,380.3157,-128.1062,-132.3884,-182.4392,-160.2738,-198.016,-176.3783,-199.7434,-251.41,-274.9962,-822.8704
126,Mauritania,21.00789,-10.940835,183506.9455,161882.2835,163248.7152,165448.5074,165348.9225,168047.8997,174039.9798,173187.3796,160741.5197,171513.9158,185930.0539,180838.0605,187635.0148,190052.1022,196882.693,226907.7287,192725.2095,203239.0924,226945.9027,208175.7561,209498.265
127,Mauritius,-20.348404,57.552152,30465.1354,31867.1925,32145.6934,32451.342,31019.2299,32315.7806,33296.4435,35126.1103,35749.0469,35477.1961,36778.5734,36262.5398,36852.4657,36303.7803,38290.1426,38048.918,38903.5073,40182.1999,40571.1338,41329.4163,41909.3353
128,Mayotte,-12.8275,45.166244,993.4534,443.1388,444.5416,452.0834,459.1464,472.7736,481.485,491.9844,511.0546,522.3708,523.3692,224.835,229.4474,233.228,243.356,248.6874,283.4724,288.4248,293.378,298.3312,298.3312
129,Mexico,23.634501,-102.552784,6336775.685,5586994.875,5624149.018,5897328.421,5815855.272,6096457.132,6254837.579,6423999.469,6787541.438,6669860.072,6570443.349,7357071.44,7280190.81,7383812.286,6975593.638,6906204.402,7083500.514,7025139.379,6967392.836,6904175.288,6452248.36
130,Micronesia,7.425554,150.550812,10400.3509,10553.251,10135.8297,10278.0173,10384.4925,10626.619,10791.8192,10895.2825,10652.289,11427.1999,11293.8548,9856.0764,10798.9581,9890.2854,9476.1795,9470.6575,18901.5663,19017.2944,19261.4878,19904.842,19861.4582
131,Monaco,43.750298,7.412841,914.9281,932.4016,935.8094,916.5964,888.3034,872.8338,836.8323,843.4876,843.3983,806.2155,809.8427,815.0724,818.2908,836.328,796.2616,813.7724,805.8943,785.2872,817.0213,760.7943,623.4613
132,Mongolia,46.862496,103.846656,746217.2606,695897.2648,655214.7654,655239.2776,652058.7187,684989.2479,800512.5053,777568.4691,782168.1356,809601.6059,785611.3458,873154.6106,979151.9339,1049009.524,1059532.765,1035084.433,1101425.098,1202211.848,1222107.44,1276115.811,1263771.288
133,Montenegro,42.708678,19.37439,,,,,,,-5161.0621,-5464.0902,-2034.5532,-9120.9094,-3455.9119,31487.5791,33317.0887,32547.9559,32704.4985,34374.3483,33419.1164,34521.9877,35106.4195,34367.7908,34807.8416
134,Montserrat,16.742498,-62.187366,321.4966,1.5812,5.858,2.6872,3.9488,2.1184,2.2008,2.4436,6.4408,4.0312,23.9443,3.7568,4.0096,9.6644,6.8724,9.7332,-1.7156,-3.2156,-2.9752,-4.3188,-4.3188
135,Morocco,31.791702,-7.09262,615256.0316,561151.0621,576201.5253,578201.441,627851.3931,652503.3058,680974.0963,695046.5614,713697.206,715234.0173,845473.3258,805402.0263,911625.9642,851784.2127,862487.9699,885105.6524,868116.6655,915639.6203,928775.0385,962173.7719,921078.893
136,Mozambique,-18.665695,35.529562,970615.5466,1170397.353,1187378.603,1240597.657,1223814.207,1294422.519,1275643.644,1298884.906,1355568.229,1282523.064,1380220.356,1244113.663,1313495.064,1337571.433,1352932.649,1318134.28,1452429.127,1451814.617,1488077.866,1423540.598,1408733.009
137,Myanmar,21.913965,95.956223,3118761.034,2861222.412,2855290.223,3030803.75,3265596.267,3135684.566,3314232.763,3470834.295,3285933.781,3449497.783,3547372.843,3112287.643,3167938.221,3194012.167,3296708.784,3407346.75,3288569.723,3354976.56,3452502.766,3477478.09,3598128.94
138,Namibia,-22.95764,18.49041,375673.1355,132734.5509,101177.7371,109798.683,300371.9917,128544.138,158991.2188,154211.2334,114356.1008,186971.1577,165168.5859,248706.0688,279057.0646,111310.5113,118059.9028,112209.2685,117065.8559,322239.6217,307614.38,294059.4269,341918.8662
139,Nauru,-0.522778,166.931503,689.1613,642.6275,611.8652,534.5279,534.4541,522.9584,433.5271,447.8073,456.9152,424.9709,469.0777,407.7824,426.25,465.1609,483.6378,493.0801,409.3553,426.6918,440.4662,465.9405,463.3155
140,Nepal,28.394857,84.124008,504843.0774,430085.1205,422199.6983,441894.3284,443631.1001,451733.8619,449453.4316,449175.8356,473398.2498,496313.8237,509532.9642,573168.6915,589131.5039,599971.6472,614006.5861,590335.497,658432.5814,648118.4059,662485.9032,692019.832,675543.802
141,Netherlands,52.132633,5.291266,2176763.128,2170356.721,2141607.106,2153896.648,2164644.056,2127295.779,2116867.715,2106402.686,2080567.834,2052164.542,2147155.216,2047813.513,2037937.031,2035446.722,1980908.794,2027023.591,2031703.861,1999133.851,1947703.936,1939363.124,1798678.713
142,New Caledonia,-20.904305,165.618042,3749.3525,5001.6198,5341.6926,5279.8967,5611.9848,5459.6732,5380.5559,6069.8081,5625.5254,5490.0414,5676.3587,6563.1174,6083.493,6485.1607,5897.376,5518.6413,5161.0353,5095.0184,4999.175,5150.114,4814.0625
143,New Zealand,-40.900557,174.885971,913438.1783,953031.4215,975906.1001,982598.683,980967.7819,976767.0682,976438.8718,962364.2747,942082.3364,945713.7977,950002.5177,1013304.44,1053271.462,1050599.708,1078770.415,1056880.938,1111921.95,1116045.177,1116449.812,1118348.404,1128302.152
144,Nicaragua,12.865416,-85.207229,574265.8814,510255.9737,515532.9601,529509.919,520538.8081,532450.7976,532355.8228,533219.9513,532865.8293,535837.7532,540054.5529,384287.1823,389768.577,397248.3656,409598.7937,420295.0171,544932.2716,538377.2723,543221.1883,549571.1732,551004.9889
145,Niger,17.607789,8.081666,382452.8738,318298.9905,329820.5881,342177.9261,355160.9388,368648.1099,381396.8186,397695.5838,410013.3793,432983.1964,427979.1482,442568.3744,468308.2043,491934.1098,515647.2234,533530.6695,558549.7571,581892.2713,610061.2649,635865.5111,665484.0443
146,Nigeria,9.081999,8.675277,4317044.223,4030352.731,3791662.597,3874381.034,3887002.767,3970198.704,3834455.927,3726103.898,3704692.21,3538865.832,3918369.86,4142245.051,4135814.408,4126806.551,4223068.193,4143030.071,4493536.75,4430807.11,4533930.577,4518225.515,4535498.654
147,Niue,-19.054445,-169.867233,101.3542,90.0011,89.9062,67.353,67.2312,67.7528,67.7344,68.5334,91.1066,-219.1383,69.1578,54.7443,54.6931,54.9676,78.9944,55.9607,57.2566,57.2402,60.196,65.5648,65.2945
148,Norfolk Island,-29.040835,167.954712,-0.56,-1.5768,-1.5768,-1.5768,-1.5768,-1.5768,-1.5768,-1.5768,-1.5768,-1.5768,-1.5768,3.7624,3.7624,3.7624,3.7624,3.7624,1.02,1.02,1.02,1.02,1.02
149,North Macedonia,41.665744,21.723329,117397.6101,114496.8366,105534.0108,113919.1596,115578.5747,114225.4999,113597.1601,107318.9501,105514.5967,95826.6317,94598.6714,101048.9115,96049.9792,89419.2868,85279.0897,85417.6343,85146.3477,88699.2041,85087.6725,88884.4113,80200.5445
150,Northern Mariana Islands,17.33083,145.38469,2040.697,2036.8436,2036.8638,2036.7636,2036.6078,2036.4564,2036.3118,2036.1651,2036.0358,2035.9422,2035.8933,2369.199,2369.2632,2369.3682,2369.4804,2369.5851,13234.047,13234.1268,13234.2004,13234.2711,13234.3461
151,Norway,60.472024,8.468946,502593.9372,456848.003,435095.2166,491127.9409,478973.1655,478274.924,484602.0962,516776.1455,639402.3225,618809.8978,552341.129,529914.3134,564978.8438,559737.1925,574168.0469,604014.9044,567818.0105,614521.8781,620187.9731,610302.7918,633219.9747
152,Oman,21.512583,55.923255,329421.512,337303.3156,376901.0654,449140.3221,414288.3714,439530.8782,499642.4268,526613.2531,526204.7142,519012.8731,566187.1965,629035.4082,671370.8537,733246.7175,731326.9831,764915.4514,762356.9721,791795.1019,808597.4602,812285.364,802533.8679
153,Pakistan,30.375321,69.345116,3344038.815,3366558.639,3490618.275,3610845.77,3765960.28,3883354.219,4107621.684,4245082.756,4350670.449,4493826.139,4458052.161,4558019.122,4572908.935,4687170.586,4800241.368,5747546.561,5330141.736,5675756.069,5825823.272,6001620.026,6135455.165
154,Palau,7.51498,134.58252,2336.3312,2571.0359,2084.0059,2216.3789,2236.2335,2393.7202,2706.922,2714.6858,2528.1316,2960.7874,3068.6573,3249.1245,4135.7755,3012.8345,2484.2056,2361.587,2286.6273,2342.7849,2422.8816,2742.7754,2697.3006
155,Palestine,31.952162,35.233154,5064.4101,5395.9099,6205.7303,6527.613,6433.1923,6456.7932,6408.5155,5864.1203,5573.9987,5200.6331,4756.5457,5754.7351,5462.7156,5637.1527,5796.985,5779.7942,5439.6531,5350.0125,5624.817,5703.468,5399.7668
156,Panama,8.537981,-80.782127,198233.4019,189860.8934,183188.7367,187580.5061,182191.0489,191468.9957,196689.7904,195177.6056,199211.7449,207785.7223,213073.9254,218837.7267,219550.5051,230647.2691,223141.4695,221442.0518,218950.0691,227766.3578,223233.8465,229165.6797,217181.6238
157,Papua New Guinea,-6.314993,143.95555,129920.9693,471633.7658,480296.4084,480262.3718,497804.5327,496397.9048,496010.4171,497439.67,491526.7107,477650.8401,471944.1357,578545.6234,582398.7073,588620.8699,606479.828,624826.5279,620948.1337,627875.7648,645104.5144,636490.4709,642387.0829
158,Paraguay,-23.442503,-58.443832,1231085.387,1388372.568,1383752.818,1412083.322,1375195.373,1574151.933,1422343.039,1488248.24,1449002.86,1476733.887,1518035.303,1916937.476,2037119.551,1785313.175,1750425.985,1771784.032,1281055.007,1345153.073,1270660.35,1301316.882,1319679.179
159,Peru,-9.189967,-75.015152,1904665.144,1687810.571,1702207.457,1707254.085,1733306.748,1773580.836,1757094.916,1810176.795,1811283.819,1860408.427,2086215.113,2213468.383,2515465.519,2229134.744,2351930.461,2272069.106,2279983.814,2285611.753,2296011.916,2324655.433,2257381.671
160,Philippines,12.879721,121.774017,1732941.848,1819278.827,1831340.113,1847315.031,1898179.931,1885729.289,1856500.931,1930270.585,1994157.847,2019230.541,2052100.979,1926621.993,1979791.119,2039717.451,2087967.212,2139586.198,2228557.706,2368689.61,2402531.129,2432584.803,2368379.019
161,Poland,51.919438,19.145136,3660149.126,3222288.512,3141064.641,3147719.775,3089219.871,3129829.458,3262297.126,3263674.795,3260914.443,3114243.51,3269205.105,3590918.62,3520821.445,3529785.775,3458873.664,3556116.713,3598312.393,3685012.972,3755308.607,3658223.387,3560256.035
162,Portugal,39.399872,-8.224454,706444.3097,644649.8872,678672.2275,674363.7118,673671.1681,710379.0199,652309.5458,640020.8588,608757.841,622977.4625,628735.7891,619813.837,620696.7572,629227.7322,634910.3726,673171.5771,697354.6943,780126.7632,729232.9123,729426.9822,708327.0334
163,Puerto Rico,18.220833,-66.590149,13310.8965,5172.733,5231.8708,5181.7865,4018.041,3809.5508,3821.707,3928.5971,3917.0819,3911.3139,4028.3324,17434.8555,17448.7386,17438.465,17480.5358,16984.9654,32.5079,103.411,156.9289,113.2824,138.604
164,Qatar,25.354826,51.183884,495908.2468,512891.682,511793.5497,586054.5032,607019.2617,609001.2325,698088.9054,726131.4971,793919.2806,854072.9087,944023.2212,1043173.319,1182714.126,1214632.876,1350062.515,1359843.815,1337963.048,1246004.797,1274173.199,1424088.732,1360034.639
165,Réunion,-21.132083,55.543778,2616.94,2767.3248,2786.0358,2828.4555,2937.9308,2994.8476,3102.4445,3200.9729,3294.8355,3317.1669,3176.1459,2417.703,2419.351,2385.9118,2488.2429,2540.8077,2449.7627,2491.8324,2525.947,2547.1222,-332.8889
166,Republic of Korea,35.907757,127.766922,3396997.05,3265122.1,3368860.581,3340763.003,3428697.229,3350366.809,3355178.276,3535991.522,3605788.12,3609963.125,4006670.539,4253796.215,4280071.254,4316788.947,4309694.329,4338636.996,4554066.103,4583466.427,4680752.338,4539934.985,4270569.783
167,Republic of Moldova,47.411631,28.369885,87128.3992,89247.2281,91743.2539,92275.3795,97189.1757,96065.9416,94496.4027,87766.6896,93433.8465,82720.3016,90043.487,93301.3209,85827.3374,94579.9616,86836.3783,84346.6588,92131.2595,95570.6532,104312.7838,99954.399,96096.6312
168,Romania,45.943161,24.96676,1034178.305,1039760.398,1041018.02,1077620.834,1079765.208,1067590.676,1106617.114,1097298.85,1065574.473,950254.876,931096.3093,-1296837.984,-1334171.574,-1372719.39,-1375353.917,-1368612.565,737408.6565,785463.0292,808753.784,778909.9685,796235.9011
169,Russian Federation,61.52401,105.318756,11749629.1,8023461.527,7823801.027,8259638.153,8401535.469,8817138.478,9135093.317,9192665.909,9558469.091,8145656.048,8529916.554,10187989.65,10789998.51,10696985.91,10661119.81,10671793.3,12221544.51,12567399.87,13224862.38,13196694.79,13693893.4
170,Rwanda,-1.940278,29.873888,98134.8445,97390.0307,88924.9821,103252.6838,105921.3799,111230.5432,113260.3149,116946.7715,120536.805,122443.6513,126671.3767,111489.2179,113020.006,114762.0186,114657.0971,124261.2377,120942.811,122370.5019,123533.6141,126100.7962,125878.7044
171,"Saint Helena, Ascension and Tristan da Cunha",-24.143474,-10.030696,97.4252,113.3071,112.2474,102.2909,93.2838,97.4616,96.1712,99.8822,100.1346,101.5509,102.6595,100.7148,101.4132,104.4644,105.5928,105.2363,103.756,100.5005,107.4334,104.5526,104.8511
172,Saint Kitts and Nevis,17.357822,-62.782998,1851.8466,1880.2998,1944.9189,1946.1009,2051.3746,1970.942,1981.0694,2094.4431,2127.0345,2181.9357,2165.648,2225.09,2017.3842,2031.4644,2058.5647,2094.482,2109.8629,2145.9504,2200.7302,2263.1356,2077.3626
173,Saint Lucia,13.909444,-60.978893,3163.8474,3247.0206,2885.7367,3432.0178,3408.4651,3189.5451,3397.356,2943.4408,2972.7614,3176.9773,3335.5401,2998.7196,2998.2866,2874.4984,3158.3006,3225.3999,3066.7401,3180.7639,3259.0263,3348.7527,3026.5875
174,Saint Pierre and Miquelon,46.941936,-56.27111,42.9596,42.8906,44.7282,47.19,45.326,48.4384,49.41,51.267,51.4216,52.171,52.9582,53.6504,55.1774,54.599,53.6426,53.8818,55.0158,55.4028,48.4154,47.3698,47.3698
175,Saint Vincent and the Grenadines,12.984305,-61.287228,1612.9536,2105.5512,2153.836,2217.0981,2536.7752,2398.4937,2377.4415,2672.4768,2243.4972,3046.7252,2433.9089,2329.1707,2681.1565,2388.0258,2790.3269,2426.4052,2644.8644,2651.5945,2714.3397,2801.0933,2576.2306
176,Samoa,-13.759029,-172.104629,5431.8049,5701.1609,5712.5348,5801.4815,5819.0971,5902.9623,5923.8457,5823.3329,5826.0334,6055.9576,6348.0918,6750.5524,6714.3887,6781.4017,6869.4735,7364.4984,6996.9332,7135.3458,7395.8082,6676.3403,7166.6593
177,San Marino,43.94236,12.457777,1515.2994,1532.5148,1548.1882,1608.8995,1628.694,1646.1556,1632.0152,1643.6855,1595.9627,1458.7579,1490.865,1469.1623,1394.3458,1278.1113,1202.2025,1240.4216,1246.447,1245.1767,1234.4154,1136.9353,1098.3403
178,Sao Tome and Principe,0.251099,6.610662,933.235,992.5693,1078.5202,1156.3436,1213.5989,1254.923,1309.1177,1335.3145,1359.0281,1428.855,1482.2469,4410.1863,3946.1492,4533.2464,4554.1121,4575.9343,4640.7698,4710.2319,4682.5579,4689.4832,4677.4819
179,Saudi Arabia,23.885942,45.079162,2753569.882,2788424.009,2996510.28,3080740.284,3529615.194,3611366.412,3872460.304,3668098.328,4010570.202,4217821.881,4626789.518,4594326.584,5094624.25,4957421.295,5361799.621,5691518.199,5202246.743,5254837.131,5247346.62,5196593.408,5173710.528
180,Senegal,14.497401,-14.452362,342167.1268,308506.6594,297731.0914,290229.8117,311631.3861,327763.077,320816.956,314503.2584,323765.8976,326945.7108,351937.4744,343876.7622,333707.5084,343932.0373,347364.9425,352146.6594,372651.1289,375248.9328,377410.8837,394446.8494,405487.4777
181,Serbia,44.016521,21.005859,,,,,,,329171.3212,336337.9414,322178.5195,298752.3901,297645.2633,600086.3112,578452.6277,585184.3743,520027.1438,569500.4249,637699.6245,634282.3251,629907.4557,644793.7316,641812.8825
182,Serbia and Montenegro,43.569094,20.041328,473252.9647,216048.0523,236585.4058,253521.256,301906.4882,237915.1229,,,,,,,,,,,,,,,
183,Seychelles,-4.679574,55.491977,3226.9726,5186.8631,4594.0855,4682.1937,5932.2382,5501.7754,5823.7692,5228.552,5508.6009,4631.5115,4176.9455,3360.9743,3999.6532,3390.5743,4444.8425,4441.6195,5242.593,5152.3881,4219.2354,4119.0717,4007.552
184,Sierra Leone,8.460555,-11.779889,980112.7931,1478744.954,1954533.489,1962518.702,2398852.491,2408185.389,129269.8286,117585.0345,113367.7623,118653.7567,118329.6268,125238.0463,137244.5734,136773.023,142709.2422,141420.1906,140803.74,140290.4613,151404.0506,134063.0511,134794.178
185,Singapore,1.352083,103.819836,400508.7781,419682.4053,369132.4618,394118.679,385807.0401,323636.0101,368461.3608,406986.4443,464273.0784,666667.2619,476900.4842,318126.5548,421972.4442,482369.8871,494102.7197,540666.3224,397733.9436,403349.7724,398209.2312,398824.2031,397144.8631
186,Slovakia,48.669026,19.699024,253466.2203,283828.384,282428.9025,282338.9232,283537.6061,297509.3629,286297.9162,270268.4417,282837.8676,259151.1817,279319.3183,272122.5759,254919.4628,253772.4351,247680.5694,251808.7912,311544.6884,321578.1648,320825.7857,299243.6595,290694.3358
187,Slovenia,46.151241,14.995463,69352.0503,59531.6724,56698.4518,57740.2071,58359.8993,60731.7457,63505.6019,61284.7543,70041.7372,54151.6503,54433.9567,137658.5529,133860.7,135385.6063,149958.1206,152131.1967,171637.488,174626.3684,174684.1641,157832.4267,148485.6865
188,Solomon Islands,-9.64571,160.156194,36337.7802,18041.4957,18136.2281,18252.0807,18436.8293,18547.6538,18647.4121,18762.898,18874.0697,19024.5933,19168.9357,-136819.3772,-136757.5755,-136500.5202,-136732.5942,-136914.6703,369113.5239,369171.7971,369331.0844,369555.8451,369579.4344
189,Somalia,5.152149,46.199616,680540.684,689956.368,696278.9001,700201.9108,704728.9577,712724.6154,690724.477,670232.0171,671535.3772,672436.4536,675822.6507,679129.9355,684186.3709,686285.1072,688740.7455,690317.6895,691386.6998,689924.8191,690206.1073,698744.3107,700892.7408
190,South Africa,-30.559482,22.937506,4111265.93,3915121.268,3867045.792,4166917.04,4483129.08,4404531.166,4593012.94,4753914.231,4951232.166,4934027.467,4661917.674,4668866.75,4654352.413,4628234.199,4800455.455,4693987.582,4570296.125,4799023.78,4585515.266,4666006.056,4414473.74
191,South Sudan,7.337582,31.295235,,,,,,,,,,,,,1099810.516,1091102.944,1100652.125,1103406.664,1027769.575,987716.555,1068452.3,937779.7533,1087097.444
192,Spain,40.463667,-3.74922,2875243.346,3074878.976,3195723.878,3306790.675,3410834.514,3407359.821,3346168.797,3445646.577,3182652.769,2947963.978,2843971.812,2916193.738,2860336.273,2710268.334,2716755.228,2814040.774,2740028.3,2890338.858,2875143.213,2776588.124,2541093.559
193,Sri Lanka,7.873054,80.771797,297946.4151,260918.5001,269670.3645,272847.0576,274026.5838,287775.854,286455.0282,284196.5394,301449.1225,298807.8559,309405.5655,309664.6208,314395.2527,305900.0876,314915.0183,340937.2226,360033.833,343518.0679,352073.4924,368131.2894,376140.1185
194,Sudan,12.862807,30.217636,,,,,,,,,,,,,1786151.233,1816142.54,1824034.698,1861856.743,1876140.911,1891286.594,1911741.59,1902668.49,1909615.43
195,Suriname,3.919305,-56.027783,81702.0227,88340.0842,78843.878,85268.4866,82523.8528,81609.2439,82915.9611,81919.3796,84317.7332,85548.2172,88318.2067,146857.1984,150027.9112,150024.5923,151624.7475,150347.1621,163472.0101,164597.7306,166021.0936,167073.5144,165553.36
196,Sweden,60.128161,18.643501,780140.8742,690845.8388,740635.1922,738510.5488,767551.1904,777750.3845,754674.8168,767103.814,741269.5001,681546.4983,742067.1584,589253.983,547674.3283,537543.3456,535547.7128,501843.9778,554692.4507,545045.0376,532552.7201,546122.3004,579436.9796
197,Switzerland,46.818188,8.227512,484777.9619,481770.4407,460020.8426,457929.3677,462689.9931,474101.1396,485642.8493,467169.8538,481798.4001,482295.4,469710.125,459597.944,460941.1796,478895.337,454787.4297,446572.431,424526.0609,426425.2698,419817.637,418438.2189,386756.4885
198,Syrian Arab Republic,34.802075,38.996815,672766.2442,611123.6496,535927.6647,636077.7446,612914.0546,630959.768,658817.9667,764456.9571,753554.7023,714280.6529,691896.1357,663829.0251,545044.4409,454327.6463,406813.4474,387656.2252,390685.2847,363688.4735,414012.0956,421693.8195,409127.0505
199,Turkiye,38.963745,35.243322,2566869.16,2140232.175,2168632.755,2292345.318,2337418.894,2446567.512,2706819.152,2902005.069,2883670.514,2937906.406,3070174.948,3134429.668,3329314.798,3392177.254,3543524.4,3498698.618,3964021.329,4238615.456,4328356.759,4353189.466,4631536.035
200,Tajikistan,38.861034,71.276093,100399.4091,97299.5017,96782.7415,100723.9825,110548.0101,114348.219,121534.7117,129227.1704,138419.456,145464.7866,147790.1231,125093.8473,134985.3798,139300.0073,161906.3231,162011.6566,179041.2999,189192.8122,184276.5814,189301.0551,185902.4643
201,Thailand,15.870032,100.992541,2904542.02,2575380.869,2654640.383,2802392.994,2976269.999,2985350.098,3010656.65,3211394.653,3144417.859,3313122.581,3496365.722,3949796.377,4114792.759,4165273.024,4089171.027,3979457.449,4044252.593,4077541.334,4051243.857,4015540.468,3984070.843
202,Timor-Leste,-8.874217,125.727539,21142.7507,23961.0647,24364.0762,24154.2242,26476.2204,30184.703,34384.141,42800.3383,43699.8796,45511.5645,46583.0415,44490.992,45629.2758,45448.1443,47643.5762,55530.8458,50244.0089,49475.258,50054.3216,57454.6214,56756.7755
203,Togo,8.619543,0.824782,130437.865,75791.7703,81492.6969,86750.8712,82575.6149,131712.247,89161.4018,84777.0073,88937.6459,101415.895,100442.1818,108464.9745,103116.2407,108047.0212,106522.9075,116241.2674,116037.0519,116584.797,121226.221,122747.9945,129685.1798
204,Tokelau,-8.967363,-171.855881,9.5429,9.5053,9.4556,9.3943,9.3359,9.2896,9.2591,9.2404,9.2299,9.2299,9.2404,9.2488,9.2591,9.2746,9.2983,9.322,9.3446,9.3562,9.3701,9.3343,9.3409
205,Tonga,-21.178986,-175.198242,-906.6703,2252.6795,2351.5812,2454.298,2408.2429,2437.5962,-712.9247,2436.1069,2502.385,2612.8315,2511.5542,2435.8925,2474.1145,2625.0336,2595.3421,2630.8845,2676.2462,2863.9472,2911.4308,3019.9177,3016.0666
206,Trinidad and Tobago,10.691803,-61.222503,351205.4882,379177.4213,389281.8032,437707.2768,459333.9975,516536.2674,581564.9118,597355.2423,578251.9861,598542.0041,622854.8549,614926.9991,596647.3573,586855.451,590972.2999,578708.0397,531600.1636,539375.3108,523687.7841,524502.314,484364.7955
207,Tunisia,33.886917,9.537499,309389.075,285622.4329,282754.0568,285940.5294,294776.8798,302106.7339,309304.4388,318750.0682,331242.9418,338005.9392,353017.6464,379231.8165,406169.6553,389148.6305,396695.4915,402856.4067,339106.0872,337919.3385,312590.6025,321498.3409,303044.227
208,Turkmenistan,38.969719,59.556278,540578.1281,535972.6282,587105.8132,666026.3519,718431.5645,707008.6219,737153.7232,779335.8995,835100.509,706365.9539,807896.1279,842438.9345,886934.1193,940899.751,963145.9827,994948.7063,975942.6897,966000.0412,1010738.003,1056871.598,1021245.204
209,Turks and Caicos Islands,21.694025,-71.797928,583.2382,614.2132,762.7414,769.8152,799.1052,932.776,1081.9323,1239.4998,1330.5134,1397.8286,1419.1722,1435.5949,1437.4356,1481.5475,1550.9865,1602.4466,1674.9107,1788.7013,1855.4869,1919.2883,1704.6134
210,Tuvalu,-7.109535,177.64933,176.3513,178.3944,203.6434,203.7329,203.9624,203.9412,183.3599,209.01,207.9825,211.9021,188.3498,189.9345,213.6733,214.381,234.7299,226.3492,237.2664,248.1931,263.2237,281.9317,292.0575
211,Uganda,1.373333,32.290275,647738.8274,540773.6831,551115.4397,578514.6613,576599.1075,607571.3628,581519.8679,622178.9773,729061.6924,731040.0066,760377.8853,761123.5855,786387.5672,787544.3745,801153.8224,823096.2459,820599.7556,835069.5789,844657.4672,857293.495,882131.998
212,Ukraine,48.379433,31.16558,3379515.023,3527313.825,3520063.162,3714078.335,3602998.897,3522516.72,3423355.089,3386237.148,3366700.861,2916001.616,3214619.489,3315520.842,3346755.034,3354247.33,2936357.104,2648736.061,2700998.669,2510916.566,2612911.237,2601599.939,2535438.906
213,United Arab Emirates,23.424076,53.847818,1026283.262,974502.1973,876224.3619,1036329.712,1064581.374,1081084.952,1155538.327,1246561.789,1394808.771,1479242.096,1440339.025,1536055.403,1853298.077,1913314.583,1870371.595,2049400.926,1973815.751,1715280.079,1689160.145,1702920.827,1615183.879
214,United Kingdom of Great Britain and Northern Ireland,55.378051,-3.435973,5775791.283,5746532.781,5608486.741,5645213.476,5613045.182,5648905.333,5598736.451,5414346.527,5323433.839,4941359.538,5071911.792,4774806.023,4906078.784,4837689.612,4622649.786,4539444.698,4387919.044,4319369.284,4272342.573,4176688.494,3749773.093
215,United Republic of Tanzania,-6.369028,34.888822,1486183.141,1563684.933,1653871.527,1778034.336,1759592.587,1839296.509,1763695.213,1789838.672,1832551.002,1855597.224,1897256.958,1931978.784,1978326.124,2001545.336,2023646.828,2104637.519,2265682.889,2254857.642,2232348.053,2272393.908,2321080.429
216,United States of America,37.09024,-95.712891,47116930.69,46252572.94,46729151.83,47094432.71,48300430.72,48435679.76,48075627.14,49047818.32,47986265.09,45658833.86,46656619.84,45540671.63,43991324.99,44978313.33,45422378.26,45121808.06,45911043.87,46022072.91,47162060.17,46401680.79,44172202.28
217,United States Virgin Islands,17.735473,-64.780232,365.7448,-275.7355,91.3486,239.7682,340.6638,410.4382,456.7303,488.8007,507.9895,521.2373,530.629,496.8654,500.277,501.1902,501.1764,501.969,-481.7364,-481.272,-480.4266,-479.2359,-478.3434
218,Uruguay,-32.522779,-55.765835,414918.573,413668.0406,460458.8167,439214.3844,496271.0326,466446.1315,539260.3989,478328.0807,569767.5268,505747.78,516814.3251,511901.0248,554833.8339,510685.5759,622166.9909,517613.3472,661811.5617,671637.3789,562366.109,562646.3897,555657.7805
219,Uzbekistan,41.377491,64.585262,1553457.149,1504442.359,1587397.654,1573732.463,1559730.43,1545086.794,1605400.026,1592864.676,1664456.814,1533724.838,1550936.468,1748741.587,1801970.882,1666610.801,1643954.865,1642169.538,1663844.817,1671161.522,1744073.329,1768572.646,1767662.229
220,Vanuatu,-15.376706,166.959158,-5776.1201,7308.4544,7278.5352,7585.1943,7521.5651,7742.9659,7763.1967,9425.4515,9529.4804,9156.5666,9399.3114,9751.7028,9701.3397,9707.5226,10179.1438,9168.792,7645.544,7979.3375,7847.6287,7407.9496,7196.5067
221,Venezuela (Bolivarian Republic of),6.42375,-66.58973,4034890.804,3371217.305,3482748.547,3510478.799,3282287.418,3408339.433,3353226.865,3294587.978,3441405.094,3434854.268,3461542.043,3637958.427,3865570.779,3775640.355,3764109.127,3625140.803,2621358.494,2442287.241,2326632.813,2292936.806,2205320.655
222,Viet Nam,14.058324,108.277199,1417107.028,1896185.08,2031152.618,2084644.329,2247369.386,2305268.256,2335105.642,2391915.947,2419963.386,2590782.478,2923838.767,2418742.833,2389830.995,2729686.461,2613312.828,2788470.974,2861974.769,2887587.182,3127975.493,3373766.084,3332282.591
223,Wallis and Futuna Islands,-13.768752,-177.156097,42.2236,46.0528,52.3862,50.672,51.1928,51.1544,51.1412,51.0896,49.9432,50.7588,51.0132,48.5006,47.9648,47.8434,47.6324,47.6284,8.302,7.9084,7.8248,7.7352,7.7352
224,Western Sahara,24.215527,-12.885834,-4863.112,-2328.4176,-2328.4176,-2328.4176,-2328.4176,-2328.4176,-2328.4176,-2328.4176,-2328.4176,-2328.4176,-2328.4176,-1062.1966,-1062.1966,-1062.1966,-1062.1966,-1062.1966,-836.5256,-836.5256,-836.5256,-836.5256,-836.5256
225,Yemen,15.552727,48.516388,317061.4513,308696.5229,310675.0627,345009.6282,358266.8416,380967.7843,418500.9352,428434.5238,430342.1235,443147.0453,482436.1769,420349.2966,436560.7098,470472.7187,457585.7038,316238.836,284419.1324,283826.1162,314638.2576,347508.8128,335021.417
226,Zambia,-13.133897,27.849332,799753.0671,810988.7054,864788.2122,962381.4803,972563.218,1014215.136,933499.464,973110.3762,1015817.52,953503.472,1057333.407,1249560.715,1297567.864,1312950.585,1317745.032,1409710.187,1296399.76,1376210.195,1332916.419,1347261.748,1294206.891
227,Zimbabwe,-19.015438,29.154857,479699.0913,507189.6973,478822.4639,465214.5934,463262.0908,475240.7938,345053.7042,483163.3713,466570.7466,471055.6354,490138.216,502793.2888,480929.7202,495678.0094,469376.5656,490929.7052,1070129.688,1096830.129,1081814.887,1081049.282,1057225.161
